<?xml version="1.0" encoding="UTF-8"?>
<project-private xmlns="http://www.netbeans.org/ns/project-private/1">
    <editor-bookmarks xmlns="http://www.netbeans.org/ns/editor-bookmarks/2" lastBookmarkId="0"/>
    <open-files xmlns="http://www.netbeans.org/ns/projectui-open-files/2">
        <group>
            <file>file:/D:/IT20768980/lab%2003/Maths_Game/src/maths_game/Question5.java</file>
            <file>file:/D:/IT20768980/lab%2003/Maths_Game/src/maths_game/loginform.java</file>
            <file>file:/D:/IT20768980/lab%2003/Maths_Game/src/maths_game/Start.java</file>
            <file>file:/D:/IT20768980/lab%2003/Maths_Game/src/maths_game/smsForm.java</file>
            <file>file:/D:/IT20768980/lab%2003/Maths_Game/src/maths_game/Level2.java</file>
            <file>file:/D:/IT20768980/lab%2003/Maths_Game/src/maths_game/Question2.java</file>
            <file>file:/D:/IT20768980/lab%2003/Maths_Game/src/maths_game/Maths_Game.java</file>
            <file>file:/D:/IT20768980/lab%2003/Maths_Game/src/maths_game/User.java</file>
            <file>file:/D:/IT20768980/lab%2003/Maths_Game/src/maths_game/API.java</file>
            <file>file:/D:/IT20768980/lab%2003/Maths_Game/src/maths_game/AddQuestion.java</file>
            <file>file:/D:/IT20768980/lab%2003/Maths_Game/src/maths_game/Question3.java</file>
            <file>file:/D:/IT20768980/lab%2003/Maths_Game/src/maths_game/Question4.java</file>
            <file>file:/D:/IT20768980/lab%2003/Maths_Game/src/maths_game/Usercredit.java</file>
            <file>file:/D:/IT20768980/lab%2003/Maths_Game/src/maths_game/Question1.java</file>
            <file>file:/D:/IT20768980/lab%2003/Maths_Game/src/maths_game/connectDb.java</file>
            <file>file:/D:/IT20768980/lab%2003/Maths_Game/src/maths_game/Result.java</file>
            <file>file:/D:/IT20768980/lab%2003/Maths_Game/src/maths_game/quizExamStudent.java</file>
            <file>file:/D:/IT20768980/lab%2003/Maths_Game/src/maths_game/Inventory.java</file>
            <file>file:/D:/IT20768980/lab%2003/Maths_Game/src/maths_game/Level1.java</file>
        </group>
    </open-files>
</project-private>
